newspaper	city	state
Aberdeen herald
Abilene weekly reflector
Albuquerque weekly citizen
Alexandria gazette
Alma record
Alpena weekly argus
Ameryka
Arizona republican
Arizona silver belt
Arizona weekly citizen
Arizona weekly enterprise
Arizona weekly journal-miner
Asheville daily citizen
Barbour County index
Barton County democrat
Baxter Springs news
Bellows Falls times
Belmont chronicle
Bismarck weekly tribune
Blue-grass blade
Boletín mercantil de Puerto Rico
Brenham weekly banner
Bridgeton pioneer
Burlington weekly free press
Butler citizen
Capital city courier
Catoctin clarion
Chariton courier
Clinch Valley news
Connecticut western news
Copiah signal
Courier Democrat
Crawford avalanche
Crittenden press
Daily Yellowstone journal
Daily independent
Daily tobacco leaf-chronicle
"Dakota farmers leader"
DeSoto times
Delaware gazette and state journal
Deming headlight
Democratic Northwest
Der Deutsche correspondent
Der fortschritt
Der westbote
Deseret evening news
Dodge City times
Dziennik Chicagoski
"Echo de louest"
El fronterizo
Ellsworth American
Elmore bulletin
Emmons County record
Essex County herald
Eureka weekly sentinel
Evening capital
Evening capital journal
Evening journal
Evening star
Fair play
Feliciana sentinel
Fergus County argus
Fergus Falls ugeblad
Fisherman & farmer
Flat Top monitor
Fort Worth daily gazette
Fort Worth weekly gazette
Freeland tribune
Freie Presse für Texas
Frostburg mining journal
Gazeta de Puerto-Rico
Griggs courier
Herald and news
Herald and tribune
Hermanner Volksblatt
Hopkinsville Kentuckian
Idaho County free press
Idaho news
Idaho semi-weekly world
Indian chieftain
Iowa County democrat
Iron County news
Iron County register
Iuka reporter
Jamestown weekly alert
Juniata sentinel and Republican
Kansas agitator
Keowee courier
La correspondencia de Puerto Rico
La voz del pueblo
Lake Charles commercial
Lawrence democrat
Le Meschacébé
Lewiston teller
Little Falls transcript
Los Angeles herald
Los Cerrillos rustler
Lyon County times
Macon beacon
Marble Hill press
Maryland independent
Mexico weekly ledger
Middlebury register
Middletown transcript
Mineral Point tribune
Mohave County miner
Morning appeal
Morning journal and courier
Morris tribune
Mower County transcript
Nevada County picayune
New Ulm weekly review
New-York tribune
News and citizen
Oakes weekly Republican
Omaha daily bee
Orange County observer
Orleans County monitor
Oxford Democrat
Oxford eagle
Peninsula enterprise
Perrysburg journal
Phillipsburg herald
Pierre weekly free press
Pittsburg dispatch
Port Tobacco times and Charles County advertiser
Pullman herald
Richmond dispatch
Richmond planet
Rio Grande republican
Rock Island daily Argus
Sacramento daily record-union
"Saint Marys beacon"
Santa Fe daily New Mexican
Savannah courier
Scranton Wochenblatt
Semi-weekly interior journal
Shenandoah herald
Shepherdstown register
Sierra County advocate
Skaffaren
South Branch intelligencer
Southern live-stock journal
Southern standard
Spirit of Jefferson
Spokane Falls review
St
Staunton spectator
Sturgis advertiser
Sullivan republican
Süd California Deutsche Zeitung
Telegram-herald
The Abbeville press and banner
The Anaconda standard
The Anderson intelligencer
The Appeal
The Arizona champion
The Arizona sentinel
The Austin weekly statesman
The Baltimore County union
The Bennington banner
The Big Stone post
The Black Hills union
The Bolivar bulletin
The Bossier banner
The Breckenridge news
The Brookhaven leader
The Butler weekly times
The Caldwell tribune
The Cambria freeman
The Camden chronicle
The Camden journal
The Cape Girardeau Democrat
The Carbon advocate
The Caucasian
The Cecil Whig
The Central Presbyterian
The Charlotte Democrat
The Colfax chronicle
The Columbia herald
The Columbian
The Columbus journal
The Corvallis gazette
The Critic and record
The Daily bulletin
The Dalles daily chronicle
The Dalles weekly chronicle
The Delta independent
The Democrat
The Democratic advocate
The Democratic press
The Dickinson press
The Dispatch
The Durham daily globe
The Durham recorder
The Fairfield news and herald
The Florida agriculturist
The Forest Republican
The Forrest City times
The Frankfort roundabout
The Globe-republican
The Greenville times
The Grenada sentinel
The Hartford herald
The Hawaiian gazette
The Hazel Green herald
The Helena independent
The Hickman courier
The Hocking sentinel
The Holt County sentinel
The Hood River glacier
The Hope pioneer
The Hot Springs star
The Indiana State sentinel
The Indianapolis journal
The Iola register
The Iowa plain dealer
The Irish standard
The Jasper weekly courier
The Jersey City news
The Ketchum keystone
The Kimball graphic
The Kinsley graphic
"The LAnse sentinel"
The Lafayette advertiser
The Lamar register
The Laurens advertiser
The Lebanon express
The Lexington record
The Lincoln County leader
The Livingston enterprise
The Londonderry sifter
The Louisiana Democrat
The Madison daily leader
The Magnolia gazette
The Manchester journal
The Manitowoc pilot
The Manning times
The Marlboro democrat
The Maryville times
The McCook tribune
The Meeker herald
The Meridional
The Middleburgh post
The Mitchell capital
The Mt
The National tribune
The Newberry herald and news
The News-Herald
The Newtown bee
The North Platte tribune
The Ocala banner
The Ohio Democrat
The Opelousas courier
The Pacific commercial advertiser
The Pascagoula democrat-star
The Philipsburg mail
The Pickens sentinel
The Pioche weekly record
The Port Gibson reveille
The Portland daily press
The Press
The Princeton union
The Red Cloud chief
The Redwood gazette
The Republican journal
The Roanoke times
The Rugby news
The Russellville Democrat
The Saline County journal
The Salt Lake herald
The Seattle post-intelligencer
The Sedalia weekly bazoo
The Sioux County journal
The Somerset herald
The Southern herald
The St
The Stark County Democrat
The Sully County watchman
The Sunday herald and weekly national intelligencer
The Superior times
The Vermont watchman
The Wahpeton times
The Washburn leader
The Washington bee
The Weiser signal
The Wheeling daily intelligencer
The Wichita daily eagle
The Wilmington daily Republican
The Windham County reformer
The Worthington advance
The Yakima herald
The advocate
The aegis & intelligencer
The climax
The comet
The critic
The daily critic
The daily morning Astorian
The daily state chronicle
The diamond drill
The enterprise
The evening bulletin
The evening world
"The farmers alliance"
"The farmers union"
The gold leaf
The great West
The herald-advance
The intelligencer
The islander
The midland journal
The morning call
The morning news
The new North-west
The news and herald
"The peoples journal"
The pioneer express
The prison mirror
The progressive farmer
The record-union
The semi-weekly tribune
The state chronicle
The state republican
The state rights democrat
The sun
The times
The true northerner
The united opinion
The watchman and southron
The weekly Thibodaux sentinel and journal of the 8th Senatorial District
The weekly Union times
The weekly examiner
The weekly intelligencer
The weekly messenger
The weekly register
The weekly tribune
The western sentinel
Thomas County cat
Tombstone daily prospector
Tombstone epitaph
Turner County herald
Union County courier
Vermont phœnix
Virginia free press
Warren sheaf
Washington standard
Watauga Democrat
Waterbury evening Democrat
Watertown republican
Weekly expositor
Weekly graphic
Weekly independent
Wessington Springs herald
West Virginia argus
Western Kansas world
Western liberal
Wheeling Sunday register
Wheeling register
Wiarus
Wood County reporter
Wood River times
"Workmens advocate"
Yazoo City herald
Yorkville enquirer
